	target	probes_filename	alpha	threshold	noise	accuracy	precision	recall	f1	TP	FP	TN	FN
17	192.36.148.17	North-Central-section_1	1	-1.0	0	0.4318181818181818	0.5135135135135135	0.7307692307692307	0.6031746031746031	19	18	0	7
11	192.36.148.17	North-Central-section_1	1	1.0	0	0.07692307692307693	1.0	0.07692307692307693	0.14285714285714288	2	0	0	24
5	192.36.148.17	North-Central-section_1	1	5.0	0	0.5483870967741935	0.7727272727272727	0.6538461538461539	0.7083333333333333	17	5	0	9
9	192.36.148.17	North-Central-section_1	1	10.0	0	0.43902439024390244	0.5454545454545454	0.6923076923076923	0.6101694915254238	18	15	0	8
14	192.36.148.17	North-Central-section_1	1	20.0	0	0.4418604651162791	0.5277777777777778	0.7307692307692307	0.6129032258064515	19	17	0	7
0	192.36.148.17	North-Central-section_1	1	30.0	0	0.4418604651162791	0.5277777777777778	0.7307692307692307	0.6129032258064515	19	17	0	7
16	192.36.148.17	North-Central-section_1.5	1	-1.0	0	0.4	0.5	0.6666666666666666	0.5714285714285715	18	18	0	9
15	192.36.148.17	North-Central-section_1.5	1	1.0	0	0.18518518518518517	1.0	0.18518518518518517	0.3125	5	0	0	22
2	192.36.148.17	North-Central-section_1.5	1	5.0	0	0.5294117647058824	0.72	0.6666666666666666	0.6923076923076923	18	7	0	9
10	192.36.148.17	North-Central-section_1.5	1	10.0	0	0.42857142857142855	0.5454545454545454	0.6666666666666666	0.6	18	15	0	9
13	192.36.148.17	North-Central-section_1.5	1	20.0	0	0.4090909090909091	0.5142857142857142	0.6666666666666666	0.5806451612903226	18	17	0	9
3	192.36.148.17	North-Central-section_1.5	1	30.0	0	0.4090909090909091	0.5142857142857142	0.6666666666666666	0.5806451612903226	18	17	0	9
4	192.36.148.17	North-Central-section_2	1	-1.0	0	0.3902439024390244	0.5333333333333333	0.5925925925925926	0.5614035087719299	16	14	0	11
12	192.36.148.17	North-Central-section_2	1	1.0	0	0.14285714285714285	0.8	0.14814814814814814	0.25	4	1	0	23
6	192.36.148.17	North-Central-section_2	1	5.0	0	0.4375	0.7368421052631579	0.5185185185185185	0.6086956521739131	14	5	0	13
1	192.36.148.17	North-Central-section_2	1	10.0	0	0.3684210526315789	0.56	0.5185185185185185	0.5384615384615384	14	11	0	13
8	192.36.148.17	North-Central-section_2	1	20.0	0	0.41025641025641024	0.5714285714285714	0.5925925925925926	0.5818181818181818	16	12	0	11
7	192.36.148.17	North-Central-section_2	1	30.0	0	0.41025641025641024	0.5714285714285714	0.5925925925925926	0.5818181818181818	16	12	0	11
